<?xml version="1.0" encoding="UTF-8"?>
<export version="D">
  <design>
    <source>C:\Users\Yannick\Desktop\saba9260_frontend\saba9260_frontend.sch</source>
    <date>25.10.2020 13:26:52</date>
    <tool>Eeschema (5.1.7)-1</tool>
    <sheet number="1" name="/" tstamps="/">
      <title_block>
        <title/>
        <company/>
        <rev/>
        <date/>
        <source>saba9260_frontend.sch</source>
        <comment number="1" value=""/>
        <comment number="2" value=""/>
        <comment number="3" value=""/>
        <comment number="4" value=""/>
      </title_block>
    </sheet>
  </design>
  <components>
    <comp ref="U101">
      <value>L78L05_SOT89</value>
      <footprint>TO_SOT_Packages_SMD:SOT-89-3</footprint>
      <datasheet>http://www.st.com/content/ccc/resource/technical/document/datasheet/15/55/e5/aa/23/5b/43/fd/CD00000446.pdf/files/CD00000446.pdf/jcr:content/translations/en.CD00000446.pdf</datasheet>
      <fields>
        <field name="LCSC">C71136</field>
      </fields>
      <libsource lib="Regulator_Linear" part="L78L05_SOT89" description="Positive 100mA 30V Linear Regulator, Fixed Output 5V, SOT-89"/>
      <sheetpath names="/" tstamps="/"/>
      <tstamp>5F91DCB9</tstamp>
    </comp>
    <comp ref="Y1">
      <value>16MHz</value>
      <footprint>Crystals:Crystal_SMD_3225-4pin_3.2x2.5mm</footprint>
      <datasheet>~</datasheet>
      <fields>
        <field name="LCSC">C13738</field>
      </fields>
      <libsource lib="Device" part="Crystal_GND24" description="Four pin crystal, GND on pins 2 and 4"/>
      <sheetpath names="/" tstamps="/"/>
      <tstamp>5F91ECA9</tstamp>
    </comp>
    <comp ref="R202">
      <value>1k</value>
      <footprint>Resistors_SMD:R_0402</footprint>
      <datasheet>~</datasheet>
      <fields>
        <field name="LCSC">C11702</field>
      </fields>
      <libsource lib="Device" part="R_Small" description="Resistor, small symbol"/>
      <sheetpath names="/" tstamps="/"/>
      <tstamp>5F91FC34</tstamp>
    </comp>
    <comp ref="C201">
      <value>100nF</value>
      <footprint>Capacitors_SMD:C_0402</footprint>
      <datasheet>~</datasheet>
      <fields>
        <field name="LCSC">C1525</field>
      </fields>
      <libsource lib="Device" part="C" description="Unpolarized capacitor"/>
      <sheetpath names="/" tstamps="/"/>
      <tstamp>5F92B55A</tstamp>
    </comp>
    <comp ref="C102">
      <value>4µ7</value>
      <footprint>Capacitors_SMD:C_0402</footprint>
      <datasheet>~</datasheet>
      <fields>
        <field name="LCSC">C23733</field>
      </fields>
      <libsource lib="Device" part="C" description="Unpolarized capacitor"/>
      <sheetpath names="/" tstamps="/"/>
      <tstamp>5F92F6A5</tstamp>
    </comp>
    <comp ref="C103">
      <value>100nF</value>
      <footprint>Capacitors_SMD:C_0402</footprint>
      <datasheet>~</datasheet>
      <fields>
        <field name="LCSC">C1525</field>
      </fields>
      <libsource lib="Device" part="C" description="Unpolarized capacitor"/>
      <sheetpath names="/" tstamps="/"/>
      <tstamp>5F93016B</tstamp>
    </comp>
    <comp ref="C203">
      <value>22pF</value>
      <footprint>Capacitors_SMD:C_0402</footprint>
      <datasheet>~</datasheet>
      <fields>
        <field name="LCSC">C1555</field>
      </fields>
      <libsource lib="Device" part="C" description="Unpolarized capacitor"/>
      <sheetpath names="/" tstamps="/"/>
      <tstamp>5F93D553</tstamp>
    </comp>
    <comp ref="J4">
      <value>Conn_01x05_Male</value>
      <footprint>Pin_Headers:Pin_Header_Straight_1x05_Pitch2.54mm</footprint>
      <datasheet>~</datasheet>
      <libsource lib="Connector" part="Conn_01x05_Male" description="Generic connector, single row, 01x05, script generated (kicad-library-utils/schlib/autogen/connector/)"/>
      <sheetpath names="/" tstamps="/"/>
      <tstamp>5F951CFE</tstamp>
    </comp>
    <comp ref="C202">
      <value>22pF</value>
      <footprint>Capacitors_SMD:C_0402</footprint>
      <datasheet>~</datasheet>
      <fields>
        <field name="LCSC">C1555</field>
      </fields>
      <libsource lib="Device" part="C" description="Unpolarized capacitor"/>
      <sheetpath names="/" tstamps="/"/>
      <tstamp>5F93AB2C</tstamp>
    </comp>
    <comp ref="R201">
      <value>1k</value>
      <footprint>Resistors_SMD:R_0402</footprint>
      <datasheet>~</datasheet>
      <fields>
        <field name="LCSC">C11702</field>
      </fields>
      <libsource lib="Device" part="R_Small" description="Resistor, small symbol"/>
      <sheetpath names="/" tstamps="/"/>
      <tstamp>5F965D2B</tstamp>
    </comp>
    <comp ref="J3">
      <value>Conn_01x08_Male</value>
      <footprint>Pin_Headers:Pin_Header_Straight_1x08_Pitch2.54mm</footprint>
      <datasheet>~</datasheet>
      <libsource lib="Connector" part="Conn_01x08_Male" description="Generic connector, single row, 01x08, script generated (kicad-library-utils/schlib/autogen/connector/)"/>
      <sheetpath names="/" tstamps="/"/>
      <tstamp>5F977A08</tstamp>
    </comp>
    <comp ref="R304">
      <value>220k</value>
      <footprint>Resistors_SMD:R_0402</footprint>
      <datasheet>~</datasheet>
      <fields>
        <field name="LCSC">C25767</field>
      </fields>
      <libsource lib="Device" part="R_Small" description="Resistor, small symbol"/>
      <sheetpath names="/" tstamps="/"/>
      <tstamp>5F97E2E3</tstamp>
    </comp>
    <comp ref="R303">
      <value>100k</value>
      <footprint>Resistors_SMD:R_0402</footprint>
      <datasheet>~</datasheet>
      <fields>
        <field name="LCSC">C25741</field>
      </fields>
      <libsource lib="Device" part="R_Small" description="Resistor, small symbol"/>
      <sheetpath names="/" tstamps="/"/>
      <tstamp>5F97F2A8</tstamp>
    </comp>
    <comp ref="R306">
      <value>220k</value>
      <footprint>Resistors_SMD:R_0402</footprint>
      <datasheet>~</datasheet>
      <fields>
        <field name="LCSC">C25767</field>
      </fields>
      <libsource lib="Device" part="R_Small" description="Resistor, small symbol"/>
      <sheetpath names="/" tstamps="/"/>
      <tstamp>5F990F2B</tstamp>
    </comp>
    <comp ref="R305">
      <value>100k</value>
      <footprint>Resistors_SMD:R_0402</footprint>
      <datasheet>~</datasheet>
      <fields>
        <field name="LCSC">C25741</field>
      </fields>
      <libsource lib="Device" part="R_Small" description="Resistor, small symbol"/>
      <sheetpath names="/" tstamps="/"/>
      <tstamp>5F99120B</tstamp>
    </comp>
    <comp ref="R308">
      <value>220k</value>
      <footprint>Resistors_SMD:R_0402</footprint>
      <datasheet>~</datasheet>
      <fields>
        <field name="LCSC">C25767</field>
      </fields>
      <libsource lib="Device" part="R_Small" description="Resistor, small symbol"/>
      <sheetpath names="/" tstamps="/"/>
      <tstamp>5F9948EB</tstamp>
    </comp>
    <comp ref="R307">
      <value>100k</value>
      <footprint>Resistors_SMD:R_0402</footprint>
      <datasheet>~</datasheet>
      <fields>
        <field name="LCSC">C25741</field>
      </fields>
      <libsource lib="Device" part="R_Small" description="Resistor, small symbol"/>
      <sheetpath names="/" tstamps="/"/>
      <tstamp>5F9948F1</tstamp>
    </comp>
    <comp ref="R310">
      <value>220k</value>
      <footprint>Resistors_SMD:R_0402</footprint>
      <datasheet>~</datasheet>
      <fields>
        <field name="LCSC">C25767</field>
      </fields>
      <libsource lib="Device" part="R_Small" description="Resistor, small symbol"/>
      <sheetpath names="/" tstamps="/"/>
      <tstamp>5F995623</tstamp>
    </comp>
    <comp ref="R309">
      <value>100k</value>
      <footprint>Resistors_SMD:R_0402</footprint>
      <datasheet>~</datasheet>
      <fields>
        <field name="LCSC">C25741</field>
      </fields>
      <libsource lib="Device" part="R_Small" description="Resistor, small symbol"/>
      <sheetpath names="/" tstamps="/"/>
      <tstamp>5F995629</tstamp>
    </comp>
    <comp ref="R312">
      <value>220k</value>
      <footprint>Resistors_SMD:R_0402</footprint>
      <datasheet>~</datasheet>
      <fields>
        <field name="LCSC">C25767</field>
      </fields>
      <libsource lib="Device" part="R_Small" description="Resistor, small symbol"/>
      <sheetpath names="/" tstamps="/"/>
      <tstamp>5F996500</tstamp>
    </comp>
    <comp ref="R311">
      <value>100k</value>
      <footprint>Resistors_SMD:R_0402</footprint>
      <datasheet>~</datasheet>
      <fields>
        <field name="LCSC">C25741</field>
      </fields>
      <libsource lib="Device" part="R_Small" description="Resistor, small symbol"/>
      <sheetpath names="/" tstamps="/"/>
      <tstamp>5F996506</tstamp>
    </comp>
    <comp ref="R302">
      <value>220k</value>
      <footprint>Resistors_SMD:R_0402</footprint>
      <datasheet>~</datasheet>
      <fields>
        <field name="LCSC">C25767</field>
      </fields>
      <libsource lib="Device" part="R_Small" description="Resistor, small symbol"/>
      <sheetpath names="/" tstamps="/"/>
      <tstamp>5F9972B6</tstamp>
    </comp>
    <comp ref="R301">
      <value>100k</value>
      <footprint>Resistors_SMD:R_0402</footprint>
      <datasheet>~</datasheet>
      <fields>
        <field name="LCSC">C25741</field>
      </fields>
      <libsource lib="Device" part="R_Small" description="Resistor, small symbol"/>
      <sheetpath names="/" tstamps="/"/>
      <tstamp>5F9972BC</tstamp>
    </comp>
    <comp ref="R314">
      <value>220k</value>
      <footprint>Resistors_SMD:R_0402</footprint>
      <datasheet>~</datasheet>
      <fields>
        <field name="LCSC">C25767</field>
      </fields>
      <libsource lib="Device" part="R_Small" description="Resistor, small symbol"/>
      <sheetpath names="/" tstamps="/"/>
      <tstamp>5F99ACC6</tstamp>
    </comp>
    <comp ref="R313">
      <value>100k</value>
      <footprint>Resistors_SMD:R_0402</footprint>
      <datasheet>~</datasheet>
      <fields>
        <field name="LCSC">C25741</field>
      </fields>
      <libsource lib="Device" part="R_Small" description="Resistor, small symbol"/>
      <sheetpath names="/" tstamps="/"/>
      <tstamp>5F99ACCC</tstamp>
    </comp>
    <comp ref="R316">
      <value>220k</value>
      <footprint>Resistors_SMD:R_0402</footprint>
      <datasheet>~</datasheet>
      <fields>
        <field name="LCSC">C25767</field>
      </fields>
      <libsource lib="Device" part="R_Small" description="Resistor, small symbol"/>
      <sheetpath names="/" tstamps="/"/>
      <tstamp>5F99BA8F</tstamp>
    </comp>
    <comp ref="R315">
      <value>100k</value>
      <footprint>Resistors_SMD:R_0402</footprint>
      <datasheet>~</datasheet>
      <fields>
        <field name="LCSC">C25741</field>
      </fields>
      <libsource lib="Device" part="R_Small" description="Resistor, small symbol"/>
      <sheetpath names="/" tstamps="/"/>
      <tstamp>5F99BA95</tstamp>
    </comp>
    <comp ref="U201">
      <value>ATmega328P-AU</value>
      <footprint>Housings_QFP:TQFP-32_7x7mm_Pitch0.8mm</footprint>
      <datasheet>http://ww1.microchip.com/downloads/en/DeviceDoc/ATmega328_P%20AVR%20MCU%20with%20picoPower%20Technology%20Data%20Sheet%2040001984A.pdf</datasheet>
      <fields>
        <field name="LCSC">C14877</field>
      </fields>
      <libsource lib="MCU_Microchip_ATmega" part="ATmega328P-AU" description="20MHz, 32kB Flash, 2kB SRAM, 1kB EEPROM, TQFP-32"/>
      <sheetpath names="/" tstamps="/"/>
      <tstamp>5F91C4E2</tstamp>
    </comp>
    <comp ref="R203">
      <value>1k</value>
      <footprint>Resistors_SMD:R_0402</footprint>
      <datasheet>~</datasheet>
      <fields>
        <field name="LCSC">C11702</field>
      </fields>
      <libsource lib="Device" part="R_Small" description="Resistor, small symbol"/>
      <sheetpath names="/" tstamps="/"/>
      <tstamp>5FB0CE5A</tstamp>
    </comp>
    <comp ref="C204">
      <value>100nF</value>
      <footprint>Capacitors_SMD:C_0402</footprint>
      <datasheet>~</datasheet>
      <fields>
        <field name="LCSC">C1525</field>
      </fields>
      <libsource lib="Device" part="C" description="Unpolarized capacitor"/>
      <sheetpath names="/" tstamps="/"/>
      <tstamp>5FB0A572</tstamp>
    </comp>
    <comp ref="C101">
      <value>100nF</value>
      <footprint>Capacitors_SMD:C_0402</footprint>
      <datasheet>~</datasheet>
      <fields>
        <field name="LCSC">C1525</field>
      </fields>
      <libsource lib="Device" part="C" description="Unpolarized capacitor"/>
      <sheetpath names="/" tstamps="/"/>
      <tstamp>5FB67FA7</tstamp>
    </comp>
    <comp ref="J1">
      <value>Conn_01x09_Male</value>
      <footprint>Pin_Headers:Pin_Header_Straight_1x09_Pitch2.54mm</footprint>
      <datasheet>~</datasheet>
      <libsource lib="Connector" part="Conn_01x09_Male" description="Generic connector, single row, 01x09, script generated (kicad-library-utils/schlib/autogen/connector/)"/>
      <sheetpath names="/" tstamps="/"/>
      <tstamp>5F934ABD</tstamp>
    </comp>
    <comp ref="J2">
      <value>Conn_01x09_Male</value>
      <footprint>Pin_Headers:Pin_Header_Straight_1x09_Pitch2.54mm</footprint>
      <datasheet>~</datasheet>
      <libsource lib="Connector" part="Conn_01x09_Male" description="Generic connector, single row, 01x09, script generated (kicad-library-utils/schlib/autogen/connector/)"/>
      <sheetpath names="/" tstamps="/"/>
      <tstamp>5F933B56</tstamp>
    </comp>
    <comp ref="R204">
      <value>10k</value>
      <footprint>Resistors_SMD:R_0402</footprint>
      <datasheet>~</datasheet>
      <fields>
        <field name="LCSC">C25744</field>
      </fields>
      <libsource lib="Device" part="R_Small" description="Resistor, small symbol"/>
      <sheetpath names="/" tstamps="/"/>
      <tstamp>5FEB2EF7</tstamp>
    </comp>
    <comp ref="R205">
      <value>10k</value>
      <footprint>Resistors_SMD:R_0402</footprint>
      <datasheet>~</datasheet>
      <fields>
        <field name="LCSC">C25744</field>
      </fields>
      <libsource lib="Device" part="R_Small" description="Resistor, small symbol"/>
      <sheetpath names="/" tstamps="/"/>
      <tstamp>5FEB8180</tstamp>
    </comp>
    <comp ref="R206">
      <value>10k</value>
      <footprint>Resistors_SMD:R_0402</footprint>
      <datasheet>~</datasheet>
      <fields>
        <field name="LCSC">C25744</field>
      </fields>
      <libsource lib="Device" part="R_Small" description="Resistor, small symbol"/>
      <sheetpath names="/" tstamps="/"/>
      <tstamp>5FEB8557</tstamp>
    </comp>
    <comp ref="R207">
      <value>10k</value>
      <footprint>Resistors_SMD:R_0402</footprint>
      <datasheet>~</datasheet>
      <fields>
        <field name="LCSC">C25744</field>
      </fields>
      <libsource lib="Device" part="R_Small" description="Resistor, small symbol"/>
      <sheetpath names="/" tstamps="/"/>
      <tstamp>5FEB8814</tstamp>
    </comp>
  </components>
  <libparts>
    <libpart lib="Connector" part="Conn_01x05_Male">
      <description>Generic connector, single row, 01x05, script generated (kicad-library-utils/schlib/autogen/connector/)</description>
      <docs>~</docs>
      <footprints>
        <fp>Connector*:*_1x??_*</fp>
      </footprints>
      <fields>
        <field name="Reference">J</field>
        <field name="Value">Conn_01x05_Male</field>
      </fields>
      <pins>
        <pin num="1" name="Pin_1" type="passive"/>
        <pin num="2" name="Pin_2" type="passive"/>
        <pin num="3" name="Pin_3" type="passive"/>
        <pin num="4" name="Pin_4" type="passive"/>
        <pin num="5" name="Pin_5" type="passive"/>
      </pins>
    </libpart>
    <libpart lib="Connector" part="Conn_01x08_Male">
      <description>Generic connector, single row, 01x08, script generated (kicad-library-utils/schlib/autogen/connector/)</description>
      <docs>~</docs>
      <footprints>
        <fp>Connector*:*_1x??_*</fp>
      </footprints>
      <fields>
        <field name="Reference">J</field>
        <field name="Value">Conn_01x08_Male</field>
      </fields>
      <pins>
        <pin num="1" name="Pin_1" type="passive"/>
        <pin num="2" name="Pin_2" type="passive"/>
        <pin num="3" name="Pin_3" type="passive"/>
        <pin num="4" name="Pin_4" type="passive"/>
        <pin num="5" name="Pin_5" type="passive"/>
        <pin num="6" name="Pin_6" type="passive"/>
        <pin num="7" name="Pin_7" type="passive"/>
        <pin num="8" name="Pin_8" type="passive"/>
      </pins>
    </libpart>
    <libpart lib="Connector" part="Conn_01x09_Male">
      <description>Generic connector, single row, 01x09, script generated (kicad-library-utils/schlib/autogen/connector/)</description>
      <docs>~</docs>
      <footprints>
        <fp>Connector*:*_1x??_*</fp>
      </footprints>
      <fields>
        <field name="Reference">J</field>
        <field name="Value">Conn_01x09_Male</field>
      </fields>
      <pins>
        <pin num="1" name="Pin_1" type="passive"/>
        <pin num="2" name="Pin_2" type="passive"/>
        <pin num="3" name="Pin_3" type="passive"/>
        <pin num="4" name="Pin_4" type="passive"/>
        <pin num="5" name="Pin_5" type="passive"/>
        <pin num="6" name="Pin_6" type="passive"/>
        <pin num="7" name="Pin_7" type="passive"/>
        <pin num="8" name="Pin_8" type="passive"/>
        <pin num="9" name="Pin_9" type="passive"/>
      </pins>
    </libpart>
    <libpart lib="Device" part="C">
      <description>Unpolarized capacitor</description>
      <docs>~</docs>
      <footprints>
        <fp>C_*</fp>
      </footprints>
      <fields>
        <field name="Reference">C</field>
        <field name="Value">C</field>
      </fields>
      <pins>
        <pin num="1" name="~" type="passive"/>
        <pin num="2" name="~" type="passive"/>
      </pins>
    </libpart>
    <libpart lib="Device" part="Crystal_GND24">
      <description>Four pin crystal, GND on pins 2 and 4</description>
      <docs>~</docs>
      <footprints>
        <fp>Crystal*</fp>
      </footprints>
      <fields>
        <field name="Reference">Y</field>
        <field name="Value">Crystal_GND24</field>
      </fields>
      <pins>
        <pin num="1" name="1" type="passive"/>
        <pin num="2" name="2" type="passive"/>
        <pin num="3" name="3" type="passive"/>
        <pin num="4" name="4" type="passive"/>
      </pins>
    </libpart>
    <libpart lib="Device" part="R_Small">
      <description>Resistor, small symbol</description>
      <docs>~</docs>
      <footprints>
        <fp>R_*</fp>
      </footprints>
      <fields>
        <field name="Reference">R</field>
        <field name="Value">R_Small</field>
      </fields>
      <pins>
        <pin num="1" name="~" type="passive"/>
        <pin num="2" name="~" type="passive"/>
      </pins>
    </libpart>
    <libpart lib="MCU_Microchip_ATmega" part="ATmega48PV-10AU">
      <aliases>
        <alias>ATmega48P-20AU</alias>
        <alias>ATmega48A-AU</alias>
        <alias>ATmega48PA-AU</alias>
        <alias>ATmega88PV-10AU</alias>
        <alias>ATmega88P-20AU</alias>
        <alias>ATmega88A-AU</alias>
        <alias>ATmega88PA-AU</alias>
        <alias>ATmega168PV-10AU</alias>
        <alias>ATmega168P-20AU</alias>
        <alias>ATmega168A-AU</alias>
        <alias>ATmega168PA-AU</alias>
        <alias>ATmega328-AU</alias>
        <alias>ATmega328P-AU</alias>
      </aliases>
      <description>10MHz, 4kB Flash, 512B SRAM, 256B EEPROM, TQFP-32</description>
      <docs>http://ww1.microchip.com/downloads/en/DeviceDoc/Atmel-8025-8-bit-AVR-Microcontroller-ATmega48P-88P-168P_Datasheet.pdf</docs>
      <footprints>
        <fp>TQFP*7x7mm*P0.8mm*</fp>
      </footprints>
      <fields>
        <field name="Reference">U</field>
        <field name="Value">ATmega48PV-10AU</field>
        <field name="Footprint">Package_QFP:TQFP-32_7x7mm_P0.8mm</field>
      </fields>
      <pins>
        <pin num="1" name="PD3" type="BiDi"/>
        <pin num="2" name="PD4" type="BiDi"/>
        <pin num="3" name="GND" type="power_in"/>
        <pin num="4" name="VCC" type="power_in"/>
        <pin num="5" name="GND" type="passive"/>
        <pin num="6" name="VCC" type="passive"/>
        <pin num="7" name="XTAL1/PB6" type="BiDi"/>
        <pin num="8" name="XTAL2/PB7" type="BiDi"/>
        <pin num="9" name="PD5" type="BiDi"/>
        <pin num="10" name="PD6" type="BiDi"/>
        <pin num="11" name="PD7" type="BiDi"/>
        <pin num="12" name="PB0" type="BiDi"/>
        <pin num="13" name="PB1" type="BiDi"/>
        <pin num="14" name="PB2" type="BiDi"/>
        <pin num="15" name="PB3" type="BiDi"/>
        <pin num="16" name="PB4" type="BiDi"/>
        <pin num="17" name="PB5" type="BiDi"/>
        <pin num="18" name="AVCC" type="power_in"/>
        <pin num="19" name="ADC6" type="input"/>
        <pin num="20" name="AREF" type="passive"/>
        <pin num="21" name="GND" type="passive"/>
        <pin num="22" name="ADC7" type="input"/>
        <pin num="23" name="PC0" type="BiDi"/>
        <pin num="24" name="PC1" type="BiDi"/>
        <pin num="25" name="PC2" type="BiDi"/>
        <pin num="26" name="PC3" type="BiDi"/>
        <pin num="27" name="PC4" type="BiDi"/>
        <pin num="28" name="PC5" type="BiDi"/>
        <pin num="29" name="~RESET~/PC6" type="BiDi"/>
        <pin num="30" name="PD0" type="BiDi"/>
        <pin num="31" name="PD1" type="BiDi"/>
        <pin num="32" name="PD2" type="BiDi"/>
      </pins>
    </libpart>
    <libpart lib="Regulator_Linear" part="MC78L05_SOT89">
      <aliases>
        <alias>MC78L08_SOT89</alias>
        <alias>MC78L12_SOT89</alias>
        <alias>L78L33_SOT89</alias>
        <alias>L78L05_SOT89</alias>
        <alias>L78L06_SOT89</alias>
        <alias>L78L08_SOT89</alias>
        <alias>L78L09_SOT89</alias>
        <alias>L78L10_SOT89</alias>
        <alias>L78L12_SOT89</alias>
        <alias>L78L15_SOT89</alias>
        <alias>L78L18_SOT89</alias>
        <alias>L78L24_SOT89</alias>
        <alias>MCP1804x-1802xMB</alias>
        <alias>MCP1804x-2502xMB</alias>
        <alias>MCP1804x-3002xMB</alias>
        <alias>MCP1804x-3302xMB</alias>
        <alias>MCP1804x-5002xMB</alias>
        <alias>MCP1804x-A002xMB</alias>
        <alias>MCP1804x-C002xMB</alias>
      </aliases>
      <description>Positive 100mA 30V Linear Regulator, Fixed Output 5V, SOT-89</description>
      <docs>https://www.onsemi.com/pub/Collateral/MC78L00A-D.PDF</docs>
      <footprints>
        <fp>SOT?89*</fp>
      </footprints>
      <fields>
        <field name="Reference">U</field>
        <field name="Value">MC78L05_SOT89</field>
        <field name="Footprint">Package_TO_SOT_SMD:SOT-89-3</field>
      </fields>
      <pins>
        <pin num="1" name="OUT" type="power_out"/>
        <pin num="2" name="GND" type="power_in"/>
        <pin num="3" name="IN" type="power_in"/>
      </pins>
    </libpart>
  </libparts>
  <libraries>
    <library logical="Connector">
      <uri>C:\Program Files\KiCad\share\kicad\library/Connector.lib</uri>
    </library>
    <library logical="Device">
      <uri>C:\Program Files\KiCad\share\kicad\library/Device.lib</uri>
    </library>
    <library logical="MCU_Microchip_ATmega">
      <uri>C:\Program Files\KiCad\share\kicad\library/MCU_Microchip_ATmega.lib</uri>
    </library>
    <library logical="Regulator_Linear">
      <uri>C:\Program Files\KiCad\share\kicad\library/Regulator_Linear.lib</uri>
    </library>
  </libraries>
  <nets>
    <net code="1" name="Net-(J4-Pad3)">
      <node ref="J4" pin="3"/>
      <node ref="R203" pin="1"/>
    </net>
    <net code="2" name="+12V">
      <node ref="J1" pin="2"/>
      <node ref="U101" pin="3"/>
      <node ref="C101" pin="1"/>
    </net>
    <net code="3" name="RESET">
      <node ref="U201" pin="29"/>
      <node ref="C204" pin="1"/>
      <node ref="R201" pin="1"/>
    </net>
    <net code="4" name="TX">
      <node ref="R202" pin="2"/>
      <node ref="U201" pin="31"/>
    </net>
    <net code="5" name="IC3101_P16">
      <node ref="U201" pin="30"/>
      <node ref="J1" pin="3"/>
      <node ref="R203" pin="2"/>
    </net>
    <net code="6" name="+5V">
      <node ref="U101" pin="1"/>
      <node ref="U201" pin="18"/>
      <node ref="C103" pin="1"/>
      <node ref="C102" pin="1"/>
      <node ref="U201" pin="6"/>
      <node ref="J4" pin="5"/>
      <node ref="U201" pin="4"/>
      <node ref="R201" pin="2"/>
    </net>
    <net code="7" name="GND">
      <node ref="R204" pin="1"/>
      <node ref="R205" pin="1"/>
      <node ref="J1" pin="1"/>
      <node ref="R312" pin="2"/>
      <node ref="R310" pin="2"/>
      <node ref="R308" pin="2"/>
      <node ref="U101" pin="2"/>
      <node ref="C101" pin="2"/>
      <node ref="Y1" pin="2"/>
      <node ref="C202" pin="2"/>
      <node ref="Y1" pin="4"/>
      <node ref="C201" pin="1"/>
      <node ref="J4" pin="1"/>
      <node ref="C203" pin="1"/>
      <node ref="C103" pin="2"/>
      <node ref="C102" pin="2"/>
      <node ref="R304" pin="2"/>
      <node ref="R306" pin="2"/>
      <node ref="U201" pin="5"/>
      <node ref="U201" pin="3"/>
      <node ref="U201" pin="21"/>
      <node ref="R302" pin="2"/>
      <node ref="R314" pin="2"/>
      <node ref="R316" pin="2"/>
      <node ref="R206" pin="1"/>
      <node ref="R207" pin="1"/>
    </net>
    <net code="8" name="Net-(J3-Pad1)">
      <node ref="J3" pin="1"/>
      <node ref="R315" pin="1"/>
    </net>
    <net code="9" name="Net-(J3-Pad8)">
      <node ref="R301" pin="1"/>
      <node ref="J3" pin="8"/>
    </net>
    <net code="10" name="Net-(J3-Pad6)">
      <node ref="J3" pin="6"/>
      <node ref="R305" pin="1"/>
    </net>
    <net code="11" name="Net-(J3-Pad5)">
      <node ref="J3" pin="5"/>
      <node ref="R307" pin="1"/>
    </net>
    <net code="12" name="Net-(J3-Pad4)">
      <node ref="R309" pin="1"/>
      <node ref="J3" pin="4"/>
    </net>
    <net code="13" name="Net-(J3-Pad3)">
      <node ref="R311" pin="1"/>
      <node ref="J3" pin="3"/>
    </net>
    <net code="14" name="Net-(J3-Pad2)">
      <node ref="J3" pin="2"/>
      <node ref="R313" pin="1"/>
    </net>
    <net code="15" name="Net-(C201-Pad2)">
      <node ref="U201" pin="20"/>
      <node ref="C201" pin="2"/>
    </net>
    <net code="16" name="Net-(C202-Pad1)">
      <node ref="C202" pin="1"/>
      <node ref="Y1" pin="1"/>
      <node ref="U201" pin="8"/>
    </net>
    <net code="17" name="IC3101_P3">
      <node ref="U201" pin="32"/>
      <node ref="J2" pin="3"/>
    </net>
    <net code="18" name="IC3101_P8">
      <node ref="U201" pin="22"/>
      <node ref="R207" pin="2"/>
      <node ref="J2" pin="8"/>
    </net>
    <net code="19" name="IC3101_P7">
      <node ref="R206" pin="2"/>
      <node ref="J2" pin="7"/>
      <node ref="U201" pin="19"/>
    </net>
    <net code="20" name="IC3101_P6">
      <node ref="R205" pin="2"/>
      <node ref="U201" pin="24"/>
      <node ref="J2" pin="6"/>
    </net>
    <net code="21" name="IC3101_P5">
      <node ref="R204" pin="2"/>
      <node ref="J2" pin="5"/>
      <node ref="U201" pin="26"/>
    </net>
    <net code="22" name="IC3101_P4">
      <node ref="U201" pin="28"/>
      <node ref="J2" pin="4"/>
    </net>
    <net code="23" name="IC3101_P2">
      <node ref="U201" pin="1"/>
      <node ref="J2" pin="2"/>
    </net>
    <net code="24" name="IC3101_P1">
      <node ref="U201" pin="2"/>
      <node ref="J2" pin="1"/>
    </net>
    <net code="25" name="Net-(J1-Pad9)">
      <node ref="J1" pin="9"/>
    </net>
    <net code="26" name="Net-(J1-Pad8)">
      <node ref="J1" pin="8"/>
    </net>
    <net code="27" name="IC3101_P12">
      <node ref="J1" pin="7"/>
      <node ref="U201" pin="17"/>
    </net>
    <net code="28" name="IC3101_P13">
      <node ref="U201" pin="25"/>
      <node ref="J1" pin="6"/>
    </net>
    <net code="29" name="IC3101_P14">
      <node ref="J1" pin="5"/>
      <node ref="U201" pin="23"/>
    </net>
    <net code="30" name="IC3101_P15">
      <node ref="J1" pin="4"/>
      <node ref="U201" pin="27"/>
    </net>
    <net code="31" name="Net-(C204-Pad2)">
      <node ref="J4" pin="4"/>
      <node ref="C204" pin="2"/>
    </net>
    <net code="32" name="Net-(J4-Pad2)">
      <node ref="J4" pin="2"/>
      <node ref="R202" pin="1"/>
    </net>
    <net code="33" name="Net-(J2-Pad9)">
      <node ref="J2" pin="9"/>
    </net>
    <net code="34" name="FB4">
      <node ref="R307" pin="2"/>
      <node ref="U201" pin="13"/>
      <node ref="R308" pin="1"/>
    </net>
    <net code="35" name="Net-(J3-Pad7)">
      <node ref="R303" pin="1"/>
      <node ref="J3" pin="7"/>
    </net>
    <net code="36" name="FB8">
      <node ref="R316" pin="1"/>
      <node ref="R315" pin="2"/>
      <node ref="U201" pin="9"/>
    </net>
    <net code="37" name="FB7">
      <node ref="U201" pin="10"/>
      <node ref="R314" pin="1"/>
      <node ref="R313" pin="2"/>
    </net>
    <net code="38" name="FB6">
      <node ref="R311" pin="2"/>
      <node ref="U201" pin="11"/>
      <node ref="R312" pin="1"/>
    </net>
    <net code="39" name="FB5">
      <node ref="R310" pin="1"/>
      <node ref="U201" pin="12"/>
      <node ref="R309" pin="2"/>
    </net>
    <net code="40" name="FB3">
      <node ref="U201" pin="14"/>
      <node ref="R306" pin="1"/>
      <node ref="R305" pin="2"/>
    </net>
    <net code="41" name="FB1">
      <node ref="R302" pin="1"/>
      <node ref="R301" pin="2"/>
      <node ref="U201" pin="16"/>
    </net>
    <net code="42" name="FB2">
      <node ref="R304" pin="1"/>
      <node ref="U201" pin="15"/>
      <node ref="R303" pin="2"/>
    </net>
    <net code="43" name="Net-(C203-Pad2)">
      <node ref="U201" pin="7"/>
      <node ref="C203" pin="2"/>
      <node ref="Y1" pin="3"/>
    </net>
  </nets>
</export>
