Comment;Designator;Footprint;LCSC
"4u7";"C102";"Capacitors_SMD:C_0402";"C23733"
"100nF";"C101,C103,C201,C204";"Capacitors_SMD:C_0402";"C1525"
"22pF";"C202,C203";"Capacitors_SMD:C_0402";"C1555"
"1k";"R201,R202,R203";"Resistors_SMD:R_0402";"C11702"
"10k";"R204,R205,R206,R207";"Resistors_SMD:R_0402";"C25744"
"100k";"R301,R303,R305,R307,R309,R311,R313,R315";"Resistors_SMD:R_0402";"C25741"
"220k";"R302,R304,R306,R308,R310,R312,R314,R316";"Resistors_SMD:R_0402";"C25767"
"L78L05_SOT89";"U101";"TO_SOT_Packages_SMD:SOT-89-3";"C71136"
"ATmega328P-AU";"U201";"Housings_QFP:TQFP-32_7x7mm_Pitch0.8mm";"C14877"
"16MHz";"Y1";"Crystals:Crystal_SMD_3225-4pin_3.2x2.5mm";"C13738"